,tone,stress,syllabic,short,long,consonantal,sonorant,continuant,delayedRelease,approximant,tap,trill,nasal,lateral,labial,round,labiodental,coronal,anterior,distributed,strident,dorsal,high,low,front,back,tense,retractedTongueRoot,advancedTongueRoot,periodicGlottalSource,epilaryngealSource,spreadGlottis,constrictedGlottis,fortis,raisedLarynxEjective,loweredLarynxImplosive,click
0,0.5380726047349121,0.0,16.14298009372832,0.12217184383498911,25.150790087572084,30.23977403849579,15.487646927307784,7.477125370258418,18.699243974859765,9.84416524432227,2.8353840949071394,8.476463193885348,19.536798403476208,6.283885175971115,1.5900420975601415,24.709916371992907,8.037156606103366,10.36442700173237,5.913158863135837,3.9202006255859314,9.888568362547813,19.284135624657534,8.999246868562654,1.8150683163754222,24.80430492269538,12.547304757721006,8.428984280283046,0.6623941503587278,0.009061995199880608,41.27391295841259,0.02138604357533684,16.002644744313933,4.393120316921795,0.8000573203237996,0.3543814989121641,3.828295443821838,1.4508073421007799
1,1.1187076873100643,0.0,32.17483765917459,0.26133757477972186,33.80457116077311,63.24481367566965,26.46401878031648,5.642154218944353,27.210776468731442,34.908628347299356,11.839383422158786,16.655647067536204,39.798374677466974,13.307787781280394,2.9899016122613364,52.69767442360912,21.276832350394056,28.92967503273626,6.261138310160937,13.7244952817498,36.17134745416509,37.89333634182436,33.42063041257487,3.054108298821887,49.221400214854405,29.295695269581913,8.96784669767862,1.7564457868347008,0.02415799223986015,90.75874281460685,0.21345987004063388,22.862632233140214,12.461056606660122,0.24371228043679427,6.933135038637918,7.837210447633778,2.113159434742087
2,6.047047135118793,0.0,57.14569396297385,1.9562663974824954,34.99374311729787,20.98965059898175,23.277106103610592,14.788107009984113,14.082701047337178,35.90529672538284,5.837987972794252,16.48447524592508,33.993464661624344,12.891747136809425,5.127613575309222,40.21600709116231,9.224936278056099,16.756799350972937,13.174803205620378,4.596982718565263,27.208924241143166,21.975452442171715,27.22113761466976,1.308996852283903,48.04991742723662,19.7944665501983,15.680503794155108,1.902373585546088,0.05179568811222239,77.07263071356078,0.033987358309006524,31.47720890083429,13.729684761605101,0.7794868384386074,2.8344994584819254,7.515966038225016,2.3857713023469853
3,3.152269828165716,0.0,30.691024953123428,1.2918399812205779,47.502253198218064,49.76336932033409,35.97090629522764,4.135243272842364,41.47739140446653,2.714299494233436,4.639596345299757,12.230036776959022,33.599160429752715,9.965335838593393,8.37131599108788,46.76140035116944,18.45919643612987,27.85219359508995,10.5129712358763,5.7069373312432585,18.639432468849986,21.52443579840626,28.04049015149817,3.436299743353177,45.992011314697834,27.81659384313817,12.471569682781343,1.41200375279133,0.031793762364235215,90.8988925406527,0.022210322156086145,22.303166015153245,15.045923150043851,2.2104929268217104,5.6528837298644685,7.7106377190125235,1.940306999026145
4,2.495501212508228,0.0,21.07884778189049,0.9870643486638765,45.6680725239568,52.33752449691219,16.97179981631148,6.457900868285002,19.74090942954408,32.02631685757822,5.397226185937087,12.876944980795017,40.89975877882191,13.287825090976302,7.689233512398474,46.985699549005616,13.998741631985538,28.816381991078153,9.542807738340683,5.1116664629542585,24.709559754059523,22.666914549177065,16.54564235581183,2.754199950769675,46.56734163913542,24.714979313154384,10.797795488126589,0.9007894939305,0.0031749631009775066,83.76920917076704,0.17345792005989247,21.44812427283479,10.56328616633151,0.3669761201087928,2.356878625941853,10.126563833185836,3.905919353561726
5,3.249922635272961,0.0,23.61498791387064,0.3359024856832747,41.7419330414245,34.94669416239436,27.947457636461827,10.688220199795973,18.43398569849887,22.57536365284718,7.570466711833268,12.315820545338973,29.35333300171487,8.54235303058832,3.5429877601100555,34.49550672267377,11.72598897499692,17.82570111640084,13.637437602806806,3.4610209301615504,20.919948930210335,15.38569118508696,25.125019039464995,1.060035518531344,43.12635355379755,28.810122043577845,9.058537890636861,1.6323692200234825,0.011008352636013565,87.6980249436401,0.007285100190688459,24.232770603578096,6.3001003993757525,1.9106803340652687,1.7390920269341192,6.776419905579348,2.802644035369133
6,0.6796915172611174,0.0,34.39927461316533,0.9134580744169387,43.86265141139305,54.33294109211266,29.34107648536562,23.541171486383387,25.692695225839195,19.654092337152033,7.462826948789638,15.771248166133915,40.11086275542518,14.241259661933338,2.05404396550249,39.51728066491099,16.87693561511475,27.503941820961245,11.780497140538301,7.45688677039341,10.806898348167406,35.154583605963346,20.88059762593284,2.289251678492009,47.80312752636572,20.04510099910251,26.039300335788944,2.2618357457767346,0.010836995823906936,84.5519488230178,0.29026179826303755,35.506557317215794,9.378099257789742,1.7165124618860688,2.169157975696305,8.64294154656978,2.815429419123052
7,0.7261410270916586,0.0,44.112779963889544,1.0001543118725833,36.64142473689164,39.15443245663978,31.827082995179232,25.139277430872514,10.436215999427153,33.64954061976908,7.986140292883906,12.25574553412296,42.30507216546956,12.8608743467341,3.366963201394329,38.81496189280261,12.623314625530313,24.744774741954316,13.73843752357297,3.6817698508197116,21.600967721378836,30.563961791587214,33.9513695507203,1.3130523952210438,40.15044725748622,24.453765694660092,7.849583535169157,1.484543763275074,0.03124206789281908,80.89533490425158,0.13842134687681537,28.72363262956992,17.155385367927465,1.4910318121283421,8.141527625514533,4.621515670278503,1.4350213012763253
8,4.709373876900177,0.0,23.79727665175825,0.9637958975547296,17.82084305626937,49.967004498961714,4.665718540836355,12.589990542147113,16.862468659630274,31.29176688007285,6.270473661693107,12.97220303660886,19.955777293302578,10.418801590169227,12.136198241134602,38.19059723020578,13.838489104384193,28.800430181863113,7.860933484875492,4.8419546501732285,16.243484333869883,25.517883821642908,26.811965865642208,0.6509265953246547,36.16143823634296,26.152077704090715,17.44641756659737,2.0732174035970226,0.06481085715091085,70.72686105730934,0.14088602501523292,28.303410980659795,7.07962047014591,1.3961979386949444,1.1752825682790577,7.7363447447279,2.2575612134543035
9,0.5330098542632067,0.0,37.6350673747093,0.5998092059248564,32.57331443412184,60.975724250710975,34.568519590851196,13.596392922591429,19.681688373464752,30.614967461055574,7.106373421570853,15.937428724748179,44.82932430147424,12.276060211360392,4.8492048884180505,40.09923836792012,17.7670413939221,30.79914060524548,7.666309348004251,2.8169180497249378,20.432427719333848,30.745567183791426,27.564776924307953,3.576630751457263,44.72021642904211,25.4030408917098,10.538850532144115,2.188111642452729,0.09319231209666055,104.55037444938398,0.050822133776094625,23.568580663125754,9.814330242439816,0.9827641627380552,4.921552339865069,5.432202043725265,1.9657118742286064
10,1.9605648587162117,0.0,29.65733408657447,0.5571836648417522,30.088708521331867,24.10934660660365,29.86526635889037,5.015407421839569,16.228717299293958,20.61252882476841,4.77506824173778,9.999428825802282,32.61376269905088,9.842490369149973,5.543784177805752,35.361220334920084,11.61777238866621,18.816198928172852,6.7201053520840075,4.067163870609295,16.458806113606553,24.623351373931026,21.129401471962847,4.205318570186164,29.315266651014532,17.484921665920307,7.313348993573636,1.728004513401532,0.009567816336973374,69.54460120985811,0.13880586310809123,15.266751298164904,13.124568120429487,1.8844162228449794,3.4245136287972042,5.589016714744338,3.1264807020777177
11,1.7733513508770817,0.0,7.811621460126853,0.3555486273783722,24.104603156439115,48.90954615253309,21.005574254478418,6.130751294891654,20.783503294733187,18.274923494440802,2.2461779930058814,8.191089152508233,18.90138171687395,5.5750433544504014,2.15758822972141,26.200133498460524,8.15665771484136,25.414636341533114,11.40331845958626,4.160208003417263,10.35706522204205,16.610133272461386,16.5244564798608,2.4938370005798918,25.759264332103356,12.929259639157237,8.95136720425769,0.6982045918365859,0.013710292421594952,59.48585059620513,0.042234440207266515,18.79991833424037,6.259346518352448,1.2481271072819562,0.4963554816605429,3.7653047418351746,0.9070921456206498
12,2.6054007815550073,0.0,33.9238838022263,1.127643858437969,28.042965516759278,31.30239961050266,18.755871224773834,13.323413020748637,12.532711830165896,32.512055625001075,5.848055598048994,7.594287548829187,27.297718319550317,11.767512587769088,7.6435540703519695,26.71054729919723,11.807528764784088,23.443199184214528,7.562515956369211,3.4516657098697827,13.027636662283916,27.167834334788758,17.8804529289312,1.0014499500981313,28.97680044751914,21.279774238474282,4.55113576475776,1.6985010095574782,0.026971417055689083,50.54686836811253,0.05299981153076361,15.898696003790052,6.687517439733001,0.7968320655608259,1.0756055776827802,5.021516868948685,2.110147053746758
13,3.71018454343724,0.0,23.11892755523409,1.286017508825649,37.98555975996665,59.47391509069656,30.463970286231454,3.943543476003612,21.48941724384605,13.271762544371057,6.9063642006919785,16.53087782560358,34.42669694599141,10.236447551419733,3.4880403890293707,34.08879241165832,16.388453287289746,20.308503937675265,5.253580772655781,8.539701448636531,25.853553651046184,39.8804445577846,19.85933669605108,1.8016763199878758,40.25803332188804,23.27725618673566,12.555020097995966,1.4239732519702588,0.010036521699846897,70.21903816049466,0.11316281332498963,20.325525210086738,13.384999275835538,1.8286179290287818,4.038858095188004,7.128920261276415,3.0335755198404484
14,0.5404136385589334,0.0,23.040162688924685,0.5254169344325927,20.973539167805445,32.61401936087752,24.880524277426087,7.1412485942292445,14.133465741031038,9.712880551776351,2.8785213887687338,10.122227409245157,18.679836566473885,7.249561480914304,9.041725835281623,25.78213542497618,9.026708411002815,17.845647467268602,8.062391472654467,1.9725368024723169,10.0297406015956,21.56264464329284,16.22340634268683,0.573647163696139,24.6545490075967,17.86434479720322,6.803454704812668,1.8254034978094142,0.06579035048196039,48.591773868915915,0.10575504460174003,15.198287167792428,6.038045245365031,0.8049460046273472,3.2516152313578575,4.35015123847516,0.8015203493049848
15,2.3034827509080067,0.0,47.309608893676966,0.8785141523154337,38.87832017075187,53.16156193908357,54.10538246178596,15.193751115300124,36.54903366454196,3.2203841411171763,9.86286433170649,16.826111467261917,42.71354263548376,15.194982273675231,13.380081919033968,57.992936076424684,19.79598351064533,29.812159513575335,9.576128158271056,9.307356601088502,29.280503125650124,27.80680643542651,33.00207782716794,4.30574589679637,55.97760971282799,32.60993531696051,10.290686398264386,2.5706273363223655,0.061221324061196236,96.3507067720194,0.12404776614756721,28.43368997114635,6.391621552565821,1.5827176693003715,3.734627380638031,7.871972875255549,2.866647747298581
16,1.8161903441605685,0.0,17.584869787763054,0.6444762533605078,39.267618802765185,49.759108099932085,52.15584991966044,6.786119239975726,13.27114332976815,10.173655538280766,6.4949231566389365,10.275887581775248,31.252964860258057,11.351277181742361,3.200230009478277,35.453690232503575,16.664260774100367,33.96676334964853,14.700051903025065,8.479795810474883,10.42898805786106,51.88062031374954,32.515967998792576,0.8403326500640843,28.34647808309158,24.87964425434586,12.955806899344891,1.6437123767983952,0.04684915975553037,81.32164721040134,0.07169790308458064,18.546453507283754,8.71927792954982,0.9323530405959122,5.021847918274994,4.614365041529347,2.0183796800917237
17,2.665790652067353,0.0,26.644909621881595,0.3260041452768805,35.15123958824376,45.001590174703296,26.8679074672582,3.228445759818437,11.258144946182153,20.399463784637117,5.898529500834076,12.604044137578235,31.58848084233105,8.796696142962615,1.827071128300924,36.38327289227074,8.999463350161031,21.913347101218534,6.254566612811397,4.796208791915594,21.615414174832893,40.29835776369361,17.12300786285385,2.7168580696949975,27.050560334477556,18.744167693440644,6.150492854214199,1.4407097004589748,0.03807132690315173,74.69839563089167,0.12625046766095913,15.087038051846363,7.085057480090458,2.2059597862689952,5.402320572156304,5.995391635461366,1.5188656058614975
18,5.373227198130506,0.0,50.67829701464083,0.2525371856283968,42.33561265141575,52.0756189531231,25.649525453597963,10.972024621298685,25.057920241688016,40.456065995858175,8.02493533762678,12.582718640212141,33.60632755417531,13.465251606378489,9.559128831117986,36.09832630670941,13.46063910502052,43.5715742416121,11.928622995338785,7.382293098478342,13.71516403190166,45.63141773095838,32.05912765029264,1.3783098606539592,39.43984476598523,21.163429455038237,5.067554036602892,2.024907640509392,0.07576621557705181,80.93802431895973,0.08067099250395142,30.741518866779312,14.782671753643864,1.6534800381268784,4.3278770696665845,6.117005387139198,1.8483999411957348
19,0.6037562849435762,0.0,27.024466457948687,0.7238231256108032,29.44030667600112,36.74829762061048,16.800096068384267,5.7196591926383125,11.09370111893558,22.086887190219823,6.06163256488929,7.01028105218038,17.838180824342142,8.774077776616963,5.738362517801528,30.563910693951414,9.610696135215218,17.422048931480283,6.32177212931522,5.700639232140245,16.95723487559983,13.211633259402007,14.122675706408467,1.111125820131967,23.705062385715635,20.75124939913533,10.69555163290098,1.1398826820318468,0.012211908096322348,61.39697402614633,0.1529457191414317,20.67517734204433,4.456170496950192,2.190280523757118,0.7097458173023722,3.84636230630102,1.5125715622200575
20,2.824712774168911,0.0,35.96424614915323,0.8223751263778528,31.284649973916377,49.76636856901897,19.9910597744595,5.480713913469863,16.78557481802269,51.33177797692453,8.745952884392915,17.392879977546535,30.51999738591523,11.030948875035492,4.862079989345167,36.948234960720725,13.29495235759036,29.76413937417811,11.469058366441613,5.070112259394425,27.18590439544239,33.68280928291774,31.18228841105014,3.1917149639967284,22.129540834179306,19.18023544943295,4.662190248253575,1.1588619417134942,0.07940810692563544,84.09879728562092,0.0707844839686788,20.01468968921259,6.442252193107507,1.2421791316163493,2.2215108034700672,7.2107378747657505,1.5108686539454417
21,3.1227362381529966,0.0,23.91163102104621,1.1891159914929026,29.820278142978577,44.45692443517914,18.805318498751237,12.606911533134591,19.14122854319949,23.163883866942673,5.887695298851757,11.13457090900267,28.620233853576664,7.643264291112472,5.464863200785916,31.583518144536058,12.18188625720909,24.19343604086254,7.880959156345769,4.49990732049334,17.96949833315034,16.325890007054074,22.651250083263882,0.7205159708209322,31.580083352613492,19.24203567650752,10.16128567265804,1.3383314075717596,0.06332471732823225,57.57287091121192,0.020374386781413234,18.241669080671993,9.643836542589135,0.6200621329772535,1.021939394838877,3.92003674479213,1.8529668131979684
22,4.6728957878170165,0.0,31.77748551614874,1.1657046536277387,34.778599670667134,51.73427677197607,30.349663183033982,20.756842247791887,9.164704332186657,22.415133156203332,5.753892014592577,10.979204061319555,28.792652849052374,14.109755701161832,7.913366783472598,32.91747949546596,15.795516503347711,25.673547432059173,1.6335523216888885,9.993041869622958,25.09174809134138,28.885610923911866,25.85151496812091,1.9820339562982983,28.975990641422136,16.09910412364669,7.857276890663484,2.0117784432270676,0.03315995026347696,73.3520861863248,0.0741878049723948,17.277451490067953,10.530580788340263,0.4978258269108447,5.391403222447133,5.678203678713937,1.8436918295089322
23,1.041605233039444,0.0,23.268551498592277,0.19976265310750274,24.121890893530168,27.223621599376703,8.654365649807762,10.929243237868723,11.970710321409756,15.84204862667611,4.434403786560553,9.579127907784596,21.845320127453867,6.061220310720921,3.966049193064099,20.182944081962845,7.839764961201609,28.041188988152552,10.903078613423414,1.7119401390492992,12.250417730989772,15.552000852631794,15.763077433857005,0.9089623216807066,21.770508779384542,9.106841636992366,4.116268272068962,1.3595661020164442,0.02928824891737423,42.65554135459924,0.02484414803384809,15.582408602864863,7.900976180042325,1.5630908218841113,1.7276178044917267,3.488376880457048,1.671026795801293
24,1.8106113252060505,0.0,28.308991392271523,0.9396517984094838,37.26417275802375,39.77827875836052,39.69895858353119,21.938937453762104,16.939389455682402,25.662889663005497,6.7001236116967435,13.322034869924337,34.370946470950216,15.949107938379441,3.043993927402085,35.41199722628394,9.27247383366134,10.916311578362716,4.291233425671606,8.856237696639502,21.971769897154143,32.4238434115038,23.355963358433563,4.105312499955648,29.19986356499558,26.110514542394103,8.297446661671085,0.8615430573931044,0.017449619035946464,88.58089288018726,0.10035144232632524,21.661405367403116,9.89576022421748,3.404173586268649,3.6617470094390105,6.570646436469199,1.9707746688024428
25,2.9521103192741367,0.0,40.45008939218678,0.1774662443842901,33.78328872786721,42.970056793337484,20.8440036450023,11.166308481768354,20.979372951457254,18.56857434345475,6.305658265395831,13.444458012369852,24.369777571198647,11.508610600157835,3.185352614798503,26.398669799527923,14.064292324606443,23.670441239663027,8.875893586361373,7.094907204764779,21.27884951354345,35.095794520524954,18.660699008177858,1.3852237965825525,35.50806228992095,16.089819598949592,8.71489716083216,0.981469783154709,0.011988561572975516,66.74358716514512,0.08891985610022991,23.560078939163294,5.693074208716995,1.4081395190848398,2.5285944575986496,6.432724253723425,1.6822254676817676
26,8.473245326483765,0.0,39.74402542199553,1.8088509101497399,47.08457034463812,37.56737385360569,45.98524490265784,7.958725231953763,39.22623373317475,27.337200259644256,9.134706387986242,18.497455225626368,42.53777589725668,10.14134886024488,10.117710630494404,46.36104906043767,20.459736898257386,22.731804676889478,13.94280998057796,6.600777019523943,22.608242912893555,42.42760697896299,31.413397972446695,0.8090681296891056,48.35553124271386,27.992051428520796,2.8615039220606384,1.8241573007361587,0.043097692797409944,89.5543457113764,0.15730740845162938,33.028250986093134,7.278895532987459,0.8264097581931393,1.542217866705137,6.5251393291138955,3.4163711883836454
27,2.722175991676795,0.0,30.3129524909322,1.0425151355166586,34.18065557004193,37.75869036838934,34.284897453723275,9.58888245313298,18.103594534268268,24.253736306009078,7.283460154431167,11.855125838986373,40.061833152526965,10.89108003054445,3.9100778370836715,36.39222626006719,16.448548315779004,33.42013110565075,10.159236031184426,9.786707164321578,20.46518744161734,6.192988551069365,23.239845785207198,2.2812696759000963,35.96437573317163,33.07339310537665,7.609150491774268,1.5736658401094736,0.07024964355118411,76.09955735541878,0.1256689294096112,18.726725082260423,6.430950112454649,1.3001575672885533,2.28230724153133,5.061321248611951,3.441266323799399
28,2.039856110537555,0.0,40.67562360155633,1.0913933422422257,37.59099238416025,60.24557506046837,19.050094602811654,15.069112437983899,24.64825291767066,47.09310062114719,6.207176086005594,16.54212813122141,26.93959925195109,11.99750146413884,3.669610853998359,44.17371998814447,18.961836163136173,33.910658213106935,11.327488566547043,7.458498797518579,21.73753084768814,37.36159646676118,31.10479141886028,2.4197208689880925,38.41026635628217,26.22401808160879,9.362690798647375,1.063121507524514,0.056141908113572433,82.73359611217553,0.0179206518487425,20.712130417658294,15.433389114013886,1.2220814087967475,7.169687497379045,5.125190567035229,1.6476488529342985
29,5.7144571889377875,0.0,10.196402276772321,1.3935564991941578,34.05713516815333,88.85352933449674,19.633434942908032,6.47066593325419,35.94865910460336,22.816154382900887,9.447681764444134,14.84374213847476,39.47690074719425,9.653860114282603,12.270411986314008,38.41399422345597,13.090808346067456,38.057260846390456,10.01315966255754,10.346676705610893,22.53517955048282,49.25929316817851,27.342372630712273,2.540500105627424,41.321566708451314,23.189887322775128,14.286578279976434,1.2786523033092336,0.01797317790770104,91.06117645275408,0.30684136651391736,21.1489286695013,5.424355430167555,0.2961419403101652,1.5840470644569093,7.194839787969692,0.9443933048980754
30,1.234485908506315,0.0,31.86140203610349,1.3107603926058111,26.498446786554382,44.83740488236132,31.768985974743973,23.624791979804478,23.391365413832716,24.13534636831179,5.486154006376115,12.845619773551327,33.565469131107044,8.568489739905429,6.713609802480223,40.36446351427629,16.403109859294144,23.181549769324075,7.288209304695695,9.007853874094199,8.40620311549684,25.208439866807755,21.779646176975398,0.7026033877238917,40.063704751434116,24.946827916043564,8.32017767386939,1.1142345367493733,0.053828716126649225,70.85526913024725,0.03927569036179698,22.96612223038376,7.684410841497907,1.128225262558098,0.6872314468008308,5.574283607327741,2.0330235035037565
31,1.6420510655906067,0.0,28.02020876707108,1.086314177491758,38.58139458884497,45.921374151380014,21.741095385347265,32.768108615244934,12.405737252773328,28.714687923795267,7.785375158216016,10.406618613418676,36.1503106280112,11.617508124978317,6.593509473761548,39.82996261334858,17.929110447282987,18.211728304827226,12.753787295523855,13.427107083089043,20.132651509250895,26.796109228568227,30.409342374442737,3.757023214253128,29.063877598775136,26.231522558863603,12.111194283955603,1.99636203157531,0.08293856522427609,82.56998137073406,0.08428646679541903,27.47273438092717,6.786311399476106,2.232693616151019,0.7460565862842645,5.749571829358779,1.0395815492114924
32,0.9869027891026204,0.0,30.359377278992305,0.19280631471281776,37.35624859651363,59.337821775573126,35.13782343243574,4.6227606355236,21.499287167748122,8.504599590234488,7.687198227296519,14.808752250659422,37.40151687671214,10.212856945052694,11.248019287187477,24.572161191783906,12.55976154086149,30.465895862210402,15.99394857176997,6.88196061303404,24.661976964367046,31.44054443366315,27.242063015919435,4.370715117007075,46.47501297040642,26.241105163696787,2.6909859198727077,1.1166676829438877,0.04826139869213358,74.09062352789383,0.10038595141947645,17.84648324975869,10.63591957293865,1.175664224533338,2.7452220515233807,6.986147776057188,2.5912492955033324
33,4.46891015424231,0.0,34.757189922179066,0.5400012354566475,40.34064763186003,70.08538670019144,20.467823115160208,5.639477211844291,29.801910414740558,33.1811415144984,10.905388583619997,16.108513521413013,35.02979455510588,18.173945081916518,8.863454351257667,46.52539982418433,14.15281486933057,39.1469187963254,4.661696087555595,3.459095574749645,24.027081504208613,49.65362360426716,35.06128653543868,4.405953845784168,43.25788823684431,30.82485223163656,8.952334204596688,1.804578649614699,0.04944859984725238,93.17247635319627,0.25909910873725256,16.64445009046058,10.401071201853222,1.157794035800157,3.827509527509831,7.771154981332657,3.2952948070602606
34,1.0515987810405905,0.0,52.60258153079464,0.9328778685977122,28.834362747612005,24.2804033875849,33.494959514303794,4.206495423962268,26.622181897122132,13.917927773464644,8.432225124129424,10.538995357465708,29.597123578942945,11.893965684803458,2.561222056875846,31.04421515824973,13.851335022573185,16.57116058063154,5.785319406014788,13.311215979752255,19.953366186283898,22.065754484765993,24.207741093108638,2.3116585450237856,39.346243513536876,16.818657270873786,11.257397136851115,1.8266433947643275,0.04286918641990495,53.4026354854825,0.03720363585938896,18.126936590371766,8.549800285952903,0.9160833430917117,2.5301661365251618,5.408872367905327,1.9296015829040505
35,4.393457987938243,0.0,40.13291104296051,0.9507034010262619,41.60008682900361,56.48112980627461,47.50747254886131,7.713704351187497,17.36418802138845,21.08627114940624,7.996642304809781,17.117452099303065,34.434721409654664,13.276728252438547,2.694564904747029,50.751017881889005,22.25774769031842,31.4350918228157,11.20940849619196,4.9144583704254465,29.443020689467122,32.78038412437703,43.819920704219065,1.2499805182641126,53.052760648825725,20.334155162986132,4.636634475009115,1.547632529196474,0.13524104744253224,105.41947008781001,0.04843313170277183,33.22990280626446,10.17826907430158,1.8797918161958147,8.131347238294627,8.695301600821976,2.7422444804707222
36,2.1485391602337867,0.0,32.41725177822651,0.735507402176656,39.23377306050692,40.965114263140435,25.701651257823023,13.91996165320578,19.49801054988462,11.794335531580442,3.7558167505078393,10.315574189480067,27.68959237723954,10.069087956668099,4.164485750934359,30.84243375452935,10.849626403358,12.628380968995128,4.023904776605569,9.639170711479808,14.641348006463229,6.8720560948891976,28.023556037440724,0.8109522209918963,33.47300418741075,20.83999246786835,11.521236928225765,1.7729366464352982,0.019673662757433617,71.33303393363444,0.033093553619895834,25.426778647842642,9.002059399522018,1.9525617081849795,4.977843332013897,3.4283039985807435,2.137191800218612
37,0.7155335091304632,0.0,32.264356498653626,0.7995856713488503,31.730874721762184,42.439234682590254,15.606310579583866,10.94111121617911,15.230278354611805,29.748972430455098,8.002147914733525,13.957892481396765,30.915818440835,11.400976201346573,2.5951767403260586,38.73041969248255,12.332987913834957,19.183807421040832,1.0983066869699352,8.644001909681633,24.407615836396513,29.199403058621428,23.061003621287096,2.2613760242237864,39.190686682579674,16.745778691518645,7.974293594962621,0.6584974859630914,0.06779507461370493,64.53625493566504,0.12225011669167082,24.21331702277671,10.328477352180368,0.19094712586473117,1.2738395381590906,7.669075076041963,2.0424976367902334
38,1.467739387041563,0.0,47.859245778341595,0.7081724981645913,42.021317596807044,35.42648877950958,20.02307737297542,36.781530588767104,10.718273259677852,50.432459749197214,8.566699871125543,16.477524327065673,31.129873055693572,15.348975939329918,12.155275886542217,51.973964816277544,17.09015687459405,17.1987690362257,11.323072554829613,11.921384214556259,25.23250279622456,19.071967933494467,31.22143394533388,1.346745838977921,44.8736845500161,23.940756235192158,13.71431979612632,0.33399580826366193,0.07442299454937396,96.98175204706669,0.030479537698981513,25.216282348204796,12.89615573311292,2.3906734723817835,4.151248184093379,6.624555181929854,0.7624272173488603
39,4.5830110679590526,0.0,39.06008882890156,1.1880984730427602,40.823290265909975,52.14502376225701,33.986103507881694,12.27915787347142,22.368760286269396,43.776764177335664,7.154614228934918,17.509072565697725,41.47671417333903,17.446970236759267,2.4511423733493887,44.369681915886126,16.496791925542965,41.48612650011883,14.369444104388863,14.10566338718347,21.517559603903607,33.835267833653724,33.529210472136334,0.6714806846448119,49.1814396121155,28.6960605260544,10.393050663329056,0.928105074615584,0.03415501146205483,89.77137149527931,0.1991010340865991,23.97751470033206,14.977304954395525,1.5239459275660072,1.8307496685384026,6.695514411589889,3.132665027615824
40,1.9366221183027659,0.0,19.888261742757372,0.7870982581105949,17.95908846417615,33.49627242119088,17.109879897733595,6.78810956498378,8.358243515566691,20.237283804128616,3.434565429712069,8.469213088847107,17.41412800960656,5.14818691960509,1.5931695811128694,20.37715901363782,5.900877784324657,14.514445997180353,5.020653096715279,3.0467837878912762,10.625684039689283,15.810009904271931,13.222524036930416,1.063264531211574,25.837042870491114,14.41097936408512,5.508633605216756,0.8214737525479663,0.052623399830624216,43.112315323871094,0.03449702602298345,12.668060324081338,4.555403322670932,0.7377458456289794,1.4573313898150597,2.754836026823438,1.292651747238099
41,6.647726259666593,0.0,41.8986867660204,0.5047996412248513,34.90454371297806,49.82062067442361,28.320687698099146,6.204469246784617,36.92063746744897,21.53760195894022,8.183644088089602,10.99467457577418,27.865167893959892,9.131789032255712,7.619387316251009,41.3064980424797,14.732568562117551,33.53503601092782,10.397870563202703,5.104900768669155,16.56193519458074,38.04673356699065,15.039830219672048,2.496812655605142,40.80592820018227,24.35122992461846,15.92864748440543,1.6030594075430553,0.026447385160975494,90.64195611687248,0.014050769338767623,28.745481931901903,10.69147426364617,0.7773962397546099,2.304798083905459,4.8991022846817796,1.1940322801235683
42,2.311059293552271,0.0,19.468104979503135,0.4622525468850834,38.22415769741933,36.545481550406414,17.534967708917787,2.874468228882811,26.221246842488775,5.638266501985007,7.07821487233376,10.655852433662872,30.889891341040276,5.585292204392144,3.4129896633857926,36.22936366500944,9.110985201692902,19.88098786973123,7.370278534928086,8.146517328426855,15.811059167147462,7.83118780035898,28.8899183341724,3.9528027500657177,40.35634344344617,16.971816077493727,12.479473091281717,1.4871805667843854,0.004174241954938111,72.79860805450056,0.08075460296125508,23.221814932738994,10.096710334037247,1.3304658405776477,2.0411714100778786,7.319108259488872,2.343223782422102
43,1.7170230439108067,0.0,17.21107037902981,1.1197462005169807,19.853450804990416,30.99314742727615,15.039258347627092,3.7459311766434458,15.19186476960669,11.952647391984652,5.789931111266073,8.263050740468547,23.7773247923826,6.09392252490486,5.652456665560061,16.034974541076046,5.778421183221351,10.746522066418319,9.278106453600188,3.0388485760368957,14.064325028470693,11.575609065867996,17.421741086706255,0.39110425562314843,28.177811048227802,13.691621109576497,5.322005034295688,0.4395372183244029,0.026036015685569,53.71961883668229,0.18572818332537266,16.177824533235203,4.9937064119406065,0.9017581299517163,0.791890041496678,4.204469908502615,1.6664239088756976
44,5.683748295802338,0.0,36.36261023464521,1.0120418125659414,29.428696309903312,34.14712054153157,17.18321101132089,6.088542434357976,17.685375458112183,26.474991827585566,2.2336776655048247,9.12792008368123,25.131772867188197,5.715950419989516,4.840649102338234,34.32780782506325,10.449752533122437,24.28086407037218,13.286914312872092,6.73761548535277,18.19672343054556,12.843729048787033,20.410860948196234,1.7484253790921722,34.07983396845822,14.712122286307135,10.34779753346193,0.12234958955259077,0.003101536362302056,64.05120982939675,0.07685396288904527,17.491078832281783,8.747361169787622,1.2880556283311133,1.6586990750008608,4.90100352763523,1.7670756761441806
45,0.4486541041255863,0.0,17.68273872202872,0.08770868119373684,18.044344873243926,26.948830680402665,18.914441727031715,3.594673773217783,8.21824765204676,9.65245053167286,4.142109884261819,8.103949625358107,18.13542075726589,6.233229585445375,1.2345496601388677,17.567010253192727,5.941151322404554,4.174482892143264,1.5947359392730345,2.8985601516102917,8.903085963084768,18.9126760107521,11.91975041195214,1.6419079672226151,18.033512656877445,12.80609275806495,5.928818149117306,1.037104132896972,0.0337451957752169,40.41425185497114,0.07082230224256307,13.65508926941556,2.9018143854122416,0.8144695130897344,0.3965049416715588,3.0247171181360284,0.6829758384593779
46,0.8988709802307402,0.0,26.963951357539955,0.3957933194932203,29.798510571814855,32.75169042234892,19.889682258962083,9.782350295265772,27.77778469823293,3.8267638753923485,5.5459800336774006,9.829725211798669,25.408043194525206,8.740285105154802,3.050711411629342,28.468113037585667,9.534803035300623,14.532635419420068,2.7300229465752546,11.683651756681032,16.567371879102318,13.781878898463843,27.340697643131815,1.4499225292479057,37.216344241665304,14.89837212377869,12.562008594532614,1.5905620583271658,0.015382448654760442,57.09473392145031,0.03035436688441558,17.19093589069624,3.3401700359053224,0.37452405929671895,1.5678804216556486,3.609042691224425,1.8790251229529322
47,1.7453697270967035,0.0,32.2315131943015,1.0606151831758324,35.49245057322456,44.44776453888636,20.24444799850267,28.561780468523605,20.56333718877871,38.4837202123843,7.508155189814055,14.21357039463753,27.63651784335066,9.935385459972865,13.996956648802517,40.46829793135595,12.884562871384853,27.612062353443285,8.024550018960545,6.170108569412879,21.862255720035844,16.68139282157119,27.770342633120983,1.4174619102158243,33.63118276452448,18.37219581432545,11.619669021850319,2.074515817030724,0.006526997682033602,59.86227268190907,0.21568943052450368,22.84950108648353,5.6131946172376805,1.4911333298988003,1.3422381169742248,4.843902196163607,0.9990177521476146
48,0.802844481870891,0.0,42.743593349483575,0.4699070112006056,35.43510771503208,50.77871485665115,21.707702453367393,15.245454688071476,29.0060647805641,43.72873398668376,7.329495555530839,11.835919262312398,36.82485530276906,10.262383186756095,10.872564423483933,52.867376179750444,15.485509077113779,37.473786967879754,11.16305288240299,3.7425690312087454,15.895762803263697,33.2494326233481,37.7444920466931,4.899042107466429,39.19995623460271,21.782294566532993,14.075066635531726,1.0050168013920475,0.07737455663240378,81.53196530838771,0.05511680650186257,26.86318437839515,11.796376500840646,1.4610198509867927,2.31575045373328,4.718521186929253,3.01644453010937
49,4.069498644146015,0.0,42.80398089041734,1.0774806175195781,36.234603559652996,44.394107339107414,18.958612792097544,13.849155463873041,23.541864086792916,46.667317264226575,11.000793441946225,18.912248400176175,30.216156029509158,11.89412817168441,7.926922609369478,46.670008646976726,15.071575365637614,26.373109727082802,5.181495838006732,4.805662823886293,19.12312148649248,27.492733840448583,34.3397119577314,3.4985392158677446,33.02603178627983,20.828647336849617,4.164066085612927,2.3224996045612594,0.05339601600963032,89.55532455516139,0.2594045481622317,26.305719936137994,9.229686531316894,1.9697915053687534,1.834666819884884,6.890425291246146,2.126137246214908
50,1.8579495029658424,0.0,35.08855359734457,0.8140772705087355,29.66125640741376,38.589046089789534,32.081270423378086,8.363221524822796,27.989852133425277,23.88422062633407,3.3930135134315567,11.802576243432117,35.5563918676922,9.298063992064606,3.854480805489438,34.141649265641306,15.012452082722433,17.097975478316886,6.663285114334509,8.925987943927154,13.259721849364857,14.992548404973709,35.01765586000098,5.508193939998677,34.347955788673204,20.665991866036133,0.9412425758658607,0.6024758330304003,0.02237068180989132,85.35611380759981,0.23603352024825555,15.456247840025652,6.8892224927205366,1.4429808583355939,1.1966982691485704,6.869579451815719,2.1498412327720806
51,0.39236690599628965,0.0,15.945278726000778,0.6009453136829705,32.02279146467109,39.843861715182086,25.60896242693661,2.9819644726590986,25.691490635349595,3.534570147420462,5.070155362337236,11.60899596995291,23.419374886502727,9.102113710541932,1.2388134581901113,31.98055573668766,11.644982179531933,14.98954461276454,10.741895644403558,5.572172484792622,13.4728468577219,25.046659881743416,14.914896501272471,3.9259038978917205,30.091305624339633,15.919656152092584,6.960153226842173,0.13729651154857014,0.017801770534378276,63.74178632493021,0.013138298303584355,19.372355753047092,6.1713708341113955,1.6413829001018356,2.9938434676186234,4.348644081201241,1.6473779666733266
52,4.554956612192106,0.0,33.932737443478175,0.09174185121461685,37.33601909330528,75.1138272433139,29.89801276095741,29.381218166000558,15.198558234399316,51.56579501910175,10.33910813131785,20.779520647846947,44.7831690474137,19.521073653205967,15.250271859336342,41.9132618776687,13.240609496193203,42.09857053226351,8.401429787673068,2.5618272511380544,29.14251427871376,41.13466654229228,28.425173590649138,0.48144155961001506,42.63229184243539,32.412240500137244,11.254335364061108,0.5262303150731307,0.04170832755484707,89.27407148672864,0.04963677886068603,26.283386340991726,9.149902185787647,2.14417545851622,4.595273552496944,8.026514437560014,2.6591445336865194
53,1.6247769602940632,0.0,35.937939170156284,0.7185733998490408,38.90655189318476,50.49903754548719,33.69836087443592,12.003597428136697,21.89194102190468,22.83900054905679,9.15538936958553,15.801291662343646,35.526359622829574,13.953029915637925,6.515344724682771,42.925777596868656,13.287086723040757,25.34395754279845,20.78562416267158,10.330701523494595,26.526304136255632,28.82470984098736,31.621068472949396,2.3386317240270413,37.209183498843764,22.072418525256897,7.2248692557651655,1.8562718135315655,0.011307585455468283,82.48004025362461,0.09814284403249651,28.19066814197156,7.637254050158121,0.5864070341631756,1.0090660484121625,8.412361356754515,1.6543623291337557
54,5.4354486659803385,0.0,33.34546378997204,0.7229111100671798,47.87449343816272,53.00260738564686,21.075478740609512,17.748226447875698,16.129398616323186,34.71735859112152,8.433144871311393,17.024366776983666,44.99370657450563,12.397822000608807,6.4094263627358625,47.0661293926073,18.141512981890838,30.34767267010134,6.556974814611125,8.02191033008044,32.44874894829243,42.677622601325155,21.059021106258594,3.0002848054114386,45.63736134508881,30.149839230596175,13.214195527525902,2.396967057195638,0.019820631840045896,82.23189317245615,0.009530338534122293,31.166917506352547,9.988497563127169,2.41417278215806,2.2738884252539466,9.260075049890983,1.3238169722055115
55,2.741138782482446,0.0,19.12100546093225,0.32457710540045087,29.590705132283908,42.845334326917424,16.335860041821356,3.485533480594107,22.90125876721856,6.883243952931138,4.936545594262568,12.971146851052046,31.207912136472608,8.105156253092293,2.4114679024695973,31.77179281472471,7.621408755957183,24.79457071725643,8.247505490083404,6.730620664551062,21.392452854741393,17.190409342627905,28.957269442740593,0.6067896043465241,31.117920268492817,24.495463599721457,8.81952240851498,2.1697120364661093,0.03946104011623798,63.73890373158169,0.059739054870439075,18.673411022242377,11.639920486525902,1.2925704586553604,2.094426551836079,7.100430894993773,1.522526778395748
56,5.312222170796508,0.0,41.101073822555364,0.7491308204922946,41.538296609241186,47.73232153443411,33.90666635948974,12.011139492241883,24.681174451843457,21.07635093341284,5.884875704906369,14.392915403342919,40.167928894154045,13.221453370398779,3.5908428345497208,46.330356107696645,17.586068626003257,24.698949090285083,3.94480294416014,5.554006313999907,24.654068841516562,53.69426178893506,22.110859779624814,2.7060890058769274,38.972491113101114,20.56872205956022,7.588504148838453,2.211404945740694,0.022448873040100188,99.41447114235518,0.07397409354706781,25.624646639069724,5.068270440398964,1.8687838925678995,3.2382256088423746,5.467015773085809,2.365944561087969
57,3.998276021406401,0.0,19.973670887722324,0.6428078141572828,35.00163748774515,17.863043493075722,29.101218822507636,5.841616247592133,23.7897140834683,9.298792959320897,5.29292425137938,9.73157601524441,30.449175428216424,7.219870584675138,2.457939921766846,34.13369725390285,12.859957900095052,15.905485847010127,11.031937036570422,1.471041125021371,18.89817073493877,20.4855225247116,22.062989670000437,0.5988056834527951,34.473948794364794,14.225563173433642,13.142725995414548,0.5942484334101938,0.009624667842429267,57.89209480729437,0.020182717410865365,17.481384412250897,5.643308821231552,0.9974766960171046,4.186963415768385,5.096914904853743,1.9920076906413804
58,4.38031355512437,0.0,28.922527989405662,0.7856592621887201,31.028207688103187,29.865965135223647,26.832641128677633,18.247727231292544,15.433805881642149,17.76141451856104,5.085984450307684,9.308401708255502,26.675078001011713,8.896777993821077,11.974232143386137,34.65701818424691,15.922876202664597,4.4512068686753095,5.414874766152048,2.1633836367623007,18.65003308055261,25.45197947988988,21.56405210836859,0.4292873399003709,35.305092585306056,17.995250645683864,6.534710699946405,0.5073833394721232,0.004754577217280038,69.09297464408893,0.048540653070638776,17.97090999783509,9.325141082987951,0.9775309309611767,1.4416388936105717,5.125017535186498,2.315250323224333
59,2.225036408192135,0.0,24.089793504612565,0.9383181130329241,41.9855586169363,34.706261355764894,28.897576633490218,16.51351064866194,14.38688763857288,22.965871225874718,9.880682209620144,14.054869264614247,45.73072876630386,10.423684648893083,1.9639166691304166,37.09933574036389,14.54116887556936,23.15484086001659,10.8535465866746,4.947286342684946,25.13931034125625,37.80877030169334,25.36415467974126,0.5015533594201116,50.412108398725614,21.637433970607493,17.70595702204159,3.087172840954879,0.017421907610438186,74.6483265051861,0.2104067483709002,20.600731459875895,10.435701500248424,1.958954450496632,2.8621511780045585,6.145324546663231,3.9858629567663497
60,3.994580708739695,0.0,51.40223927698526,1.3704227132161155,39.65887383077953,52.366471535178945,22.2505299729183,4.408380919150436,27.51940599752282,27.382377824574515,9.486728236844726,16.45112819340553,43.321633143863735,12.502252247337069,7.247733209541899,35.365703582842016,17.681439127279805,37.47424441541626,15.994859009068715,9.559640787073942,26.412341461689486,38.223631170816205,24.83743586628569,3.645969143425812,46.36309545857896,29.9567512913846,9.456269441432454,1.9846484263516462,0.03143204427138129,73.90345821884641,0.2263231903215711,30.88323266184688,17.474413606566298,2.0063710638446173,2.9016440127406575,8.452542059853645,2.335268431305211
61,2.3494259136018214,0.0,21.427213479206166,1.1156245432972849,30.260281807473397,42.228882381207384,30.35229275371672,4.820742617168219,15.223210921061483,18.78327929753755,6.3044324618997925,12.860942963229203,30.20296928301975,10.290632272767352,3.9241973068163225,36.73679947177339,11.687506201510747,18.122901947333496,3.0012894142289053,0.7228811626768874,17.509490920613477,33.65979700064289,17.13812337582492,0.9550190294240387,37.95416925647606,21.988322357748885,2.989699491068283,1.209277448904042,0.02943615220184391,65.76325347787613,0.01010621944507741,17.605566230082996,8.053642259678009,1.6108612374046536,7.402624786164855,5.515879819086524,2.919635868635095
62,1.6168278753755152,0.0,30.25190309895067,0.09125094767822611,35.54011395205278,45.32998909952457,19.646303397624674,16.917165594020826,32.442805049223836,21.208765166885986,4.882848959908484,15.328580812760071,32.19153871818434,8.856278709603858,10.888842271586373,34.613584754624526,12.642568547106574,31.36554294817045,18.259974226692805,3.5389435986571756,15.786439591047273,33.88429432534852,26.42129374496079,1.4727838110022622,36.78733140612987,21.559307999994093,6.960711667484709,2.5923708615006458,0.0326151256680647,66.7088125424127,0.09628861102429465,24.019196458518614,3.26110651815003,0.8500369971074878,1.7581312749824742,4.397454318023234,1.9129646645619778
63,2.9060940568627345,0.0,22.257530310667914,1.7047458516376144,36.88851161530007,53.477697968084385,24.34772926043799,16.270312062911408,17.55803994622501,17.121250693882597,6.00684448455667,11.47830169144107,31.125016178653937,12.557127056779278,3.4134367026524046,31.627521599003284,15.4765591483258,27.19276407147372,5.487223165191256,6.558500147816368,21.999227343529355,19.603498734414075,18.01210124976306,0.6651561437114942,30.1693126257388,16.642537315578842,8.276331512269556,1.9493272208510184,0.07543892747455545,78.36613520725085,0.09520724154670716,18.41743570348763,9.041109105988463,1.1522633719138433,0.4225495806070572,4.599285166123745,2.4637224190724707
64,1.9663539605752656,0.0,27.380316593429995,0.752057130155605,33.60349786760842,45.089681546005316,20.348023855780397,22.255557355973902,17.29246657837941,27.636132473220062,5.258979936677601,13.696607285840981,32.14468196850614,11.849858214166783,3.756768675965471,36.53665034804279,14.423047737619141,20.2316559042913,3.9662634319945846,9.707704683698474,16.609780472832394,12.958896541454365,20.75158163083499,1.1360790276362296,30.293795146676917,20.498384109900606,10.141963210221704,1.0139952415628843,0.04725667191878221,80.65219015664682,0.22463363239252382,25.04392696251553,8.504060301160447,1.1107758446395657,0.7411239844831727,5.691923212545128,3.244014784597806
65,0.9104553105491936,0.0,35.77538608465548,1.1220204740617095,44.17001042477021,49.047241872713215,31.1245362894517,30.213036465941983,8.965332679339285,27.95073280437589,8.002119032932297,11.597232311691023,30.941994200029157,10.774438398527352,5.332939000425048,47.01561434091984,21.178292142854495,34.6492038037989,11.500004514999501,6.527434957521713,29.789760282776758,36.80155740797679,28.62210649852779,0.9752987088540177,38.01437538620891,16.096993280474788,5.936921408789211,1.520623698976298,0.058433490553293055,80.27827020877427,0.04700066752966477,32.00999179781425,14.163807001323361,1.5746012918585697,4.3631037048610235,7.252910799490863,3.1367502916590446
66,1.4441635944363995,0.0,11.29492444964583,0.7494867206187901,33.848924562558615,35.6020070581416,17.406535875957328,11.037272073242207,24.975802421372542,5.029051857859296,4.31865463899975,9.735767033142865,25.53072733208187,9.166195107448965,7.604929644197259,27.738666856691157,10.503875881184356,14.740956164896938,7.556106730154097,2.591460600785252,14.753826172003382,17.664102003507402,12.220584387004182,1.2536039854938832,30.80666816843796,15.310017400988079,8.609419931593541,1.2758586830902388,0.006340180756119172,75.07626272682869,0.08893347036884451,18.610342916211707,6.636757513600251,1.5581233805448655,0.833931765106884,4.49736470173868,1.4169998483936257
67,0.1326823881468586,0.0,12.624965329065109,0.27045157262381136,17.971314255570555,1.7471644223043812,7.518671358256686,16.780936036069242,11.27232507005729,0.32018282783113167,2.0732257244787546,1.4505375112229808,16.09121629535915,1.2202451758781236,14.731730899264088,14.967285616418506,2.055965612456074,12.366434280888031,0.5090773333310121,3.7862972888728774,7.631821196156225,15.547286573280422,17.522179327296016,1.8909335996128098,19.308681463343316,8.89071553713319,4.760914356288027,0.6906133285581262,0.010547920292852422,26.21890456808059,0.029689532591286396,11.752074953887824,1.1468892027578392,0.5667926148795823,2.153417483886885,1.3649316631418964,1.2364531059758854
68,0.403339965246899,0.0,8.894995049901794,0.3004625814282815,9.263498809549946,3.2488249280619734,2.6037492091294183,9.642772888803245,2.6951908265406312,3.1578316894822556,1.0743444620993476,1.4170812726243704,6.055599458705258,0.21983661930875426,7.701714127588468,7.502622226982153,1.0157655346465688,5.416852925992004,1.015369838809971,0.8283938482838694,5.329911719983962,7.976186731536168,6.247055755846148,0.3536415174793342,6.642657480959238,4.416312059161468,2.096831532411853,0.3537107181455441,0.0021947989353937273,17.42816938341169,0.016146030141053373,5.977656630371045,1.2551268810206353,0.28764172805500077,0.6555583066472821,0.8526520789398772,0.7329647264181622
69,2.8676445630665657,0.0,18.32384657752278,0.6560313750346731,35.002717214085024,49.89751558495849,22.265419839195516,1.968621604140604,23.156834646710198,21.5247215183839,6.691906149016371,13.306397023777258,31.02645871854703,10.664632242777872,2.740503178573575,27.927976568098387,15.556814324187126,28.303733228409797,8.75105954705157,6.763324404231837,19.204508070591764,28.728877468846466,22.64193733661997,0.4377594860682997,31.599675325169816,20.51272455740764,11.042476101952008,1.6255730383275613,0.0054536968895917345,72.3852012145977,0.03363530967195582,25.448497964117127,2.451997631426184,1.9701463520206794,5.222181082752488,3.7851536749923467,1.6990638872759227
70,3.3564570050950504,0.0,29.022153744454958,1.1010690425707552,32.67450677446602,48.37695002559007,12.726502153318513,22.3851207939743,13.188878512205433,60.00288835063147,8.02633336640873,10.726884850214317,29.955120213637695,12.282098627827496,4.79637828470778,36.76384431188749,15.676471426233249,28.40903539939683,7.149817120755159,5.071616723406348,22.92997528469673,42.37610668548155,15.791783075663822,1.252307313849131,37.51883976478197,21.975173385134198,9.266865962259544,0.7471789691920151,0.03732162981875591,72.18402306353184,0.030648323423728176,24.34198455137906,8.9362554487004,0.9325944527440946,1.2487947681266123,4.250221369376433,1.5839040157411612
71,4.121446960288633,0.0,26.82854805042904,0.7209186657287646,27.795585418969573,45.13355829692615,14.588988201929391,2.8148165102414464,25.389503573267834,19.615344844138825,5.6200497602751485,10.710345033207084,33.16113589384884,9.456237698873865,12.139831342388211,30.692854020093527,9.871030951688436,21.14437983516824,11.168267506225842,4.383208786107453,15.430132638333871,19.192821041310324,11.829765610631377,2.5877810194183426,26.449262061530927,20.045964669685308,9.157115450543673,1.851737454193359,0.059533070926755215,67.54467242499719,0.09396337822740773,17.27905124331878,10.792915507938226,2.165946950288415,1.998416095493389,5.201101338819549,2.0730096215553244
72,1.0968145083864018,0.0,49.743766811799304,0.23578880507507946,50.40552330005873,51.9674396542577,39.654777612395144,8.052385533707417,17.258201163593405,31.45108041696808,2.8964312499906004,13.813183205178392,33.75499934671453,10.058581788369711,13.076298220832632,53.099778562895736,18.080972220650278,32.63650341509026,5.647275994218446,5.196767043346868,29.95062647047863,26.025848043491838,31.32136116395101,0.4737009344845214,48.16333759320769,28.871993046950294,17.070141303736644,2.2125187645839324,0.03374875495518677,103.14693377194143,0.06618987446867933,26.82114932073962,8.410710285103386,1.6450308455380538,3.713258960835993,7.661359745325379,2.081893577321505
73,5.336769554365271,0.0,38.09318470672944,2.201084744660852,45.21635884033242,66.69978937399935,43.90353104847518,36.701081566199385,21.031098556431225,14.78177119746436,5.028528025051548,18.357690485968526,49.32997371410484,14.286672076459327,11.927840353786445,43.02653347690772,14.252607236432775,33.233718839416134,18.729973548498364,6.406564584798357,22.161639186379695,30.83421668886198,30.98555096312511,0.6768511704387951,50.45576857650796,26.819282072209955,26.511790795829285,1.9247753710452518,0.16997420395034438,115.45821743765362,0.0837712344508593,40.29476242017918,19.972415560040133,1.6243127632520713,7.9104755577038866,10.293384002843519,1.8587476556162703
74,1.23682273249133,0.0,34.77141698351391,0.5739744273899118,31.45173378752084,61.730033623491906,26.816506467762075,8.194336763558931,20.194061166240715,31.617105555091733,10.716608721880432,9.769715986813859,29.341391997023383,12.41391901524446,5.552664309859146,34.9224523378102,13.1072155590096,24.47280713316679,5.899532616947431,5.332669725517681,23.58912406646991,26.43069052849266,32.66560169737575,2.6217000086220907,34.937749922132355,33.4011740103846,14.770057657295853,2.0687479810203984,0.03922112964228007,109.20125560921493,0.15989465309185918,21.282264173327018,9.362124482595263,2.354930542903963,1.2968455718287508,4.9675933328586455,2.9170237931833665
75,1.8613404910540123,0.0,28.8618118694331,0.2700769094932174,34.09076420748377,41.74415131531979,18.564873315387047,10.023792492018456,38.042297405449965,15.22419077210898,6.515348308493279,13.144116738775566,32.12239245695019,7.649692969031061,5.064311381076038,29.52686783494964,12.592257873441964,8.543653489647813,7.29028456412163,7.73676615076361,17.621594827028414,28.712558997932113,18.295920106336943,0.8153334205570453,42.277619721698244,18.14890932947172,10.265235046315688,2.1530727800639693,0.07853176559923872,73.10464156440088,0.10629144899373671,23.452120199659998,9.07222948208057,2.5124096476762747,5.405532973723534,4.956624005330046,0.4283168124119465
76,3.5900367774478705,0.0,38.78707696426377,0.8626610742276855,38.83897263078019,55.73443987635572,13.053034800471979,14.803137302038047,17.38467145987448,36.52507139729711,6.162167220261141,13.721520502758802,24.800286894989004,13.59050943193924,2.649372892707697,42.59513828669511,13.430231375051907,44.11339695197963,13.307228615579634,3.806279439083748,24.44240228222841,46.23697982835098,26.366860579923845,1.905085515976113,29.17800785714543,25.925247145293696,2.6887966170592668,1.4419219790263158,0.0285756752585253,76.39351086994813,0.016141006847187247,26.053737681491484,3.772565787319091,1.7184575951135281,4.546191023315985,4.147312074797601,0.7125942723323716
77,0.6055035789971657,0.0,25.005727339280863,0.6539344337860825,36.592643385195,46.4394638071374,29.807043059397678,4.396667535622469,24.008280537778212,19.08314303119223,5.887341974441489,12.951511639418488,24.709218288989728,10.823463534021299,6.333011556282743,27.424201707238183,15.981414920090787,35.20764226942382,16.594590650047124,5.840703972378806,12.494686220921379,40.1074878731985,24.97595755351845,0.4534783765187204,34.76776344388494,23.493848492638175,10.104543557248643,1.124818227235639,0.00943763883262151,78.1667848235931,0.10497941790923113,21.450140136727544,13.086084504263386,1.3511151540258697,0.48178860576021876,7.3074684272819015,1.9204861426645112
78,6.4014862984367635,0.0,38.12735579069199,1.3353543446505762,35.462484565528065,43.272064496042354,16.2046102751683,3.6909578928339895,36.19472178902447,19.351277268162942,5.201351078058431,13.496217913159235,31.074179650696482,11.384583896934526,5.892178183353986,26.133125012348916,14.019634079790388,24.212637242829057,10.371476086793303,8.554761550617012,13.94167470315286,12.137326048824262,27.086813501964375,0.5491394431870538,37.249639449247425,24.032305380312312,14.391126029937501,1.008527998684694,0.07396963612558866,74.23297369582893,0.029753410629939036,20.52396462456218,12.550711208368854,1.7086028002696882,3.5290088654102996,8.641866518610898,2.324826786044611
79,5.165883290143076,0.0,34.10463766757968,0.5782318842847708,32.826092669950185,57.56565386234686,17.4254192624203,3.5569234372940164,27.585253680064266,17.78727284373128,5.098283243834472,16.046555375103917,25.333868079474893,13.084070507676705,3.6273073005900582,26.73966721313301,8.82501177141617,26.109546396137752,12.86651447304,7.243855633699891,17.14572174435389,27.14828674136719,27.12266318236871,0.5667474304831369,36.42962520388288,22.807953029862354,10.934901801420398,1.8151828580192038,0.007708501734409708,65.64698420832175,0.11779802792414804,16.370642250015422,9.748680092949996,1.426054703137492,2.9957939212488403,9.424396196698106,4.161863320870592
80,0.5601420315704169,0.0,47.05857585145821,0.15385886759378373,25.973692810357992,29.25290449687682,20.768404974182157,7.022064520308521,17.38541747723751,21.480696147687002,7.192666260240503,12.449505393390133,28.391644589651712,7.730592072570609,10.727672495861324,26.250337658390706,13.843140761571046,31.107752128276974,17.982635274741934,3.372197358915372,20.18417181403606,16.52727618367812,27.440230391025523,3.7872343153880856,30.061273541738824,21.28647185205183,4.496223300173818,1.5278740577647667,0.06051928590142765,66.0847519996049,0.26115210321434257,11.800705177783602,10.000104083018423,0.4493860128504582,3.614144038968295,5.363258958866922,1.8215210787138625
81,1.2461418490778884,0.0,19.500607635060398,0.20771111275231235,23.32564716087628,38.063171013890305,9.361290996617473,3.476671820942676,20.462668289485652,10.033495056673598,3.784740165599493,11.253786395478256,19.63033470765958,5.311317951994716,3.6513061746537487,27.063054329437808,10.719902695722762,17.372786732342803,1.1977546383146032,4.921850187792469,10.62705092143849,20.04325271652486,10.307189160859336,0.9065500480628961,26.62173624203663,14.568787483154193,6.882451735872975,0.8029662067426291,0.006503167507535897,42.27184931824106,0.022452441153576693,15.819550533043179,7.611021934250817,0.19449376547382075,3.2064444525812514,3.013824276963494,1.6815011876530488
82,3.4545798642757455,0.0,17.372221674510843,1.0807423578026274,29.135092786519053,56.276377062722496,12.773222482583755,3.458457222257341,21.63719699297837,10.987288842916042,4.257837685370385,9.809954370699582,21.55154796088525,5.868311020583844,4.133719415701042,30.5282276882708,10.974063273244589,26.1566196892344,7.7540084648451195,2.263097595165051,15.309227268554597,19.532253799784442,30.89258395371953,0.32982103669972807,29.093641079758434,16.824616997642714,8.260432537690274,1.3481188277844096,0.0737673312076947,50.1110644773246,0.17740128966736216,17.48849103774625,4.798955182731911,0.9761371367168886,1.6931237805603339,5.7915514995811535,1.471195233324428
83,2.6114705649587733,0.0,36.63274006953363,1.1611615860340154,39.02448475991325,49.8806146573517,30.99481763605022,14.501780622818675,36.81367467514305,7.015771185012805,5.365712204688401,11.125284802553905,32.98624623228252,11.792605258429369,2.508371657543987,32.964992649464264,14.699000033854755,19.4637149028756,5.871632275862559,7.8648289108298215,17.43040296994411,24.803170419702123,34.73157658057223,0.5556272573300961,45.70756772728085,26.82143960728232,5.330684062180198,2.248351717252823,0.006054451610898893,78.26105562830888,0.07428591850257618,24.38041828470987,9.24299556302211,0.2698970377907145,3.8090107697154636,6.4001638797837295,2.483759644722136
84,6.177393146323854,0.0,39.62072513491405,1.0500683452008002,41.808667486146284,58.71645541157583,30.66751084056301,10.431049753235834,32.218436174289494,22.077217317439032,5.590656460437989,15.855143427728642,36.923175834218924,15.712566822024074,4.157052525864949,38.62695254619092,21.779681430632866,34.88933591601137,13.957054351766034,14.101385952974338,18.764567694476384,35.74108856112895,28.53719022072832,0.9393005494089075,44.57497280111015,32.22249778109675,14.122839783024595,1.698312817194577,0.0485828091673234,105.50258653719823,0.06865596799415243,29.57757105554561,15.730192905118615,1.1979025922552564,6.124366290754942,6.39258429799974,3.0080713641024146
85,1.4775913785335608,0.0,34.923575613575466,0.43272835964143447,39.298567698766185,63.39790944196775,31.874089303935957,2.80398378195056,25.6122659441803,10.777397410545744,7.442038121292786,12.26358491068309,34.444745095049335,10.293512619105538,4.17714463095674,38.80746507187304,16.08615642775618,19.678056526901212,9.837351782655817,7.68588688099323,24.874898112042736,32.6711797918774,34.63385832728462,1.5155016303907347,41.19210079824039,25.111936172410946,10.686345116049825,2.116329266014157,0.007541193222216639,91.64708781688391,0.09406406393476838,15.901352212960864,12.196102479946584,1.509397076231726,3.041187391023489,5.6274621214714005,1.6305394470805494
86,2.712297596606059,0.0,36.925722850544204,0.731083012448419,28.674761067993735,35.18698258705319,12.570799936346626,5.737104565575397,16.061860413606574,29.272111358097984,3.502715400625935,9.658557038819355,23.123107751736534,9.719089406004278,2.547676515659511,22.910664933118603,8.45042598450279,14.968725360579386,6.463479153627751,7.770485614645542,12.322825262607337,18.8970297274252,17.142992974663876,1.8735728043295015,32.41426870891244,16.238810342585875,8.124074765101723,1.444934665673431,0.06969747194502292,68.89511876881448,0.16017371782673895,16.277097748798628,5.59209547217081,1.8573093709600839,1.670259685100155,5.453980892849175,1.585720893321369
87,3.4356323005450746,0.0,39.200794391072755,1.0770383325215898,49.12097120354282,73.95137033913512,37.533708805050146,13.129230820612728,29.92080988119896,35.72839994358335,10.453561329051333,18.258108781300457,45.2554415867068,11.968835906766916,12.980181076815795,44.146082057790515,13.288625060186439,42.56272296466489,19.256767550383838,7.059061253213858,26.513069035275926,27.358172433907523,30.73612186419161,2.014868768063757,47.63154592648649,32.88367476599718,15.215550937221103,1.998427262424316,0.081901334763729,110.73950053179135,0.08205325041147907,30.498977485428842,9.991079551314396,2.556794136615267,4.777000773726315,6.402002036332463,2.8366838051611536
88,3.6653464111304372,0.0,31.148484070329232,0.7295965719864012,30.025656550323298,39.12636980753033,35.572635110621846,10.067851158170606,3.790851906454375,27.960122165786114,4.920000740228783,11.763768544214566,34.70038127504633,10.404136714590647,8.346189123252543,28.001777139232946,10.519596480267001,27.02174457765477,6.480939796303182,2.032175008040567,18.333713605941302,3.41390444340495,17.794162528463897,0.6586268165684436,39.445756532538034,19.219458577941754,10.251272714142477,2.3589492416679883,0.04555342700623933,68.16550718820942,0.07916557677046268,17.805282066406992,9.467074932300857,0.8816830506650796,1.2516323398378644,5.368326981307755,2.8977256903884236
89,4.365554987181875,0.0,31.369340961151895,0.3381193742254012,26.596988906793936,57.54773484105139,24.998577724439084,13.27736473558186,15.749598167043239,29.35763437008811,6.8631024739128215,12.955702363165434,34.48080371225625,12.509537601897794,3.3030196397052274,32.79989718059446,16.057164632051933,32.99493645551958,7.4620365823525265,2.5335332823313825,18.38639756141531,38.268211745854884,17.36675797550918,0.6396968189604532,32.87978371351483,16.046748037744898,4.44362308952559,0.653580758123987,0.08710065196529009,81.09635451866697,0.14080099057019502,18.90205576188819,10.547374175907017,0.8112730048123332,0.5310723247752533,7.098692684397015,1.1086377434928882
90,0.7723842152684328,0.0,26.384152460358422,1.345963197060381,27.489105785199314,46.951990311689386,23.665709993836913,9.374151449898035,20.248855587324588,17.812294640785343,4.326183476101545,11.102087780686368,31.282672475751305,7.604558518254939,9.121668098403081,26.13759834325737,9.17181021166135,24.079291316129467,10.614746335471564,1.7347243772155023,14.053029120333786,23.86461658547696,19.974720685887664,0.764840872191597,30.621597160668024,15.156276565340601,5.213535828300806,0.964957090587847,0.022776455676725035,57.5787473530211,0.013387411546071802,15.497061492414302,7.031604796216251,1.0385306479605045,1.1980597621290194,3.1652805490524485,1.9618200589324064
91,2.8599366059715736,0.0,30.637395640060387,0.7437627941815569,32.29227203733057,30.873713208600016,32.275171640135746,24.272886696909197,12.608368883994856,36.39235261954349,7.885539899052267,15.937135794756598,27.798716621153012,13.687157304461579,4.515238311246591,40.642722115297246,14.422579302352068,14.337775096275967,16.570605670973578,6.193606452530896,23.491656038747575,8.604529950641835,33.4826699583468,1.1047886807807685,41.887516897923405,36.35331887607303,13.041248387403652,1.1678343640869564,0.07906326317124339,82.47943885204818,0.2091631740792013,22.429854706662653,10.942805266133085,1.2613911006209921,2.2625253689807923,8.200984154838276,2.469283150847317
92,1.2682101191096264,0.0,37.534797178443156,0.701723078978068,34.32020881698998,41.583446630546014,18.9469569296651,39.79721123058685,5.599290743386797,51.71116979652422,5.780067287696857,12.234342662852631,26.63948190532754,10.911000400993375,5.684131342424296,29.43743682280509,12.249908891153959,18.966042659915438,8.939707845092945,10.20415423847802,20.80805783577073,34.7123822640068,18.480281778067027,1.1213336132959302,32.351762903984394,21.404805201809513,7.289039064789203,1.4112142064780528,0.06215284090330752,62.156958547500324,0.11349258412699971,24.74614756177864,6.702905700151066,0.6351302840450846,0.6632088900110532,2.5315649260237842,1.3605312270561154
93,1.4273859156768411,0.0,39.61303217492469,0.4346359859417381,24.48122111834359,25.89169618558529,16.738066742280044,8.189616840134082,2.3296026887575545,32.84546822217864,4.672599472593535,11.717329649090656,22.018416900568422,11.043381990982226,5.081020105655656,33.46662994759707,9.013721539711836,16.820991693666535,2.750854597067566,2.569291906130566,14.567310121183626,9.536820979812793,18.75178396927409,0.9036916812673838,33.12908799607891,15.682119681383929,4.2669985890955955,1.5141740428754449,0.034595973460699675,67.7323210460392,0.12442029400572979,26.751980832462866,7.608942618261042,1.235329632581577,3.0981805251217356,5.427839253882753,2.7462348849828526
94,8.112826518869587,0.0,22.46010327809326,0.5915685492570733,40.21288775108258,72.54857627485521,30.984841557523403,5.361591928107037,31.516298308922497,4.91775545737214,5.162766269511501,17.331287300713612,35.02618248251907,13.249959652274427,4.048278514164597,43.73066728452772,19.147193931928197,41.31235778665493,8.928083250446265,12.569183565776234,16.983471293439347,36.014681652814176,30.659757545896795,2.4966569421590568,30.940336321724946,29.89509038750763,10.260066381732194,1.5853974448009918,0.08434211443234171,90.45907450786133,0.06209257339156553,20.62858877949329,12.035989144334934,0.9367433178863611,4.098560580311575,4.237684290555153,1.8249648446718845
95,3.767390928172219,0.0,29.12058250064147,1.015705439788651,42.72063987493376,38.963618590831096,23.466546994902277,16.00176038087639,23.885775131456807,30.886044244139992,6.122436401571021,12.290542944234389,22.90018669251814,11.782284290545489,6.033552617252031,44.056545624044766,14.816162313235955,13.866894785009384,7.816859994971186,11.077685687010533,19.44084619942438,26.319010336223716,22.662085424305882,0.9978274146436964,42.52521334891164,22.090987332781655,12.865419879538262,1.8956035220390206,0.041205823195080156,91.28884879105074,0.12942322229754663,29.48512852728805,9.489959475926721,2.296975485105329,0.9517865542777708,5.289818182971378,2.765288819820397
96,2.8050497759149207,0.0,33.305730507673424,0.7322257966402815,31.714807318612934,45.7052402299182,8.952321509603392,3.5829113609242333,18.182288739930197,22.65616801818361,4.143913439117963,12.084350149603495,20.733573834088983,8.578724163581173,2.1570815710523936,34.586201293433504,14.963626154316207,24.546060576651577,4.159107343424144,11.463537789402887,19.741953016467953,34.420663298371785,17.121065299160794,0.4370285865690023,29.246398001152613,23.619515215420403,6.841813689920961,1.1067455174235237,0.034476220036829416,66.92412479161477,0.26246181040782607,17.553231952491124,11.650871144698154,0.5082213851079442,4.363433378957424,7.099209282311332,1.7767003296230623
97,3.3177335959341625,0.0,27.63181828512881,0.7344630042652561,20.28258960629226,46.84884176425884,16.77817861778232,4.689579734550991,11.973220186224715,16.928773189910707,4.901146185525591,10.077820906841191,21.874709115342448,5.830724201203545,6.631409472560032,30.507112883209672,13.255706587470062,20.965768761846576,4.987428496276743,2.189464974595926,13.802268571694725,21.965579091028562,13.870096756993465,1.2221311597090296,29.091606118037685,16.522394222016313,5.33562479541622,1.3715358630140817,0.02606256653559538,69.45256462126724,0.14598389874689122,17.715502270578266,6.656964580049294,1.2178164609413091,2.0866351853167284,4.656134900708091,1.7781079734381784
98,3.453335475932336,0.0,39.078596591833005,0.07183356234074481,41.634372185471676,78.32486119585073,38.527733751010686,12.226013149742773,31.712989469643098,7.391060601772199,7.9207439664474935,13.813617061431358,38.567313082314534,15.337715661970558,15.459101060966315,25.576736564011856,13.905167770453337,33.68783679305587,2.6362956476903876,4.644861331142562,20.16566506986079,12.142379818872898,43.55704212660192,1.6002046501614453,39.26677384282494,24.728145247530133,11.784576744724989,2.1196258583625593,0.0071547249608154735,88.65364978688847,0.10993857300452406,25.186004377641655,13.335551768002771,1.4503720693359248,1.9940165186315018,7.140168847683397,1.6129612736839856
99,0.9864122410173796,0.0,15.626570613976458,0.2120896111933354,15.429139666405854,3.8137457778129833,0.2514769004186464,11.531575280784695,12.066897918537743,2.218472298780458,2.244046467756628,2.407407566073843,11.14203669554543,1.1952344690104688,9.502113894024566,13.857070698616212,3.551932902410366,7.328302691803218,1.396756437171539,2.0427351037201955,6.775105821613378,21.050761832400404,9.999167677257322,0.9755311845405144,16.794225827327224,3.5753110506979664,7.215083742408844,1.045037137847652,0.0032530188994614596,24.478519050578907,0.07633164615863863,10.883893632946748,2.2053386182697357,0.8994065581522778,3.0192173249912804,1.0689541767484585,1.3990744079691506
